{"MusicName":null,"MusicAuthorName":null,"MusicPublishDate":null,"MusicDescription":null,"MusicTime":90.462043762207,"MusicResourcesPath":null,"MusicPointsDictionary":{"6.20711":{"MusicPointV3X":-29.0699996948242,"MusicPointV3Y":-6.82654619216919,"MusicPointV3Z":9.97000026702881,"MusicPointQ4X":-0.0285724680870771,"MusicPointQ4Y":0.0581227652728558,"MusicPointQ4Z":-0.895540058612823,"MusicPointQ4W":-0.440242379903793,"MusicType":0},"7.91411":{"MusicPointV3X":-26.9024848937988,"MusicPointV3Y":-6.8798508644104,"MusicPointV3Z":14.1778030395508,"MusicPointQ4X":-0.0142360012978315,"MusicPointQ4Y":0.0233038496226072,"MusicPointQ4Z":-0.853041052818298,"MusicPointQ4W":-0.52112889289856,"MusicType":0},"9.621048":{"MusicPointV3X":-26.9024848937988,"MusicPointV3Y":-6.8798508644104,"MusicPointV3Z":15.9099998474121,"MusicPointQ4X":-0.0142360012978315,"MusicPointQ4Y":0.0233038496226072,"MusicPointQ4Z":-0.853041052818298,"MusicPointQ4W":-0.52112889289856,"MusicType":0},"10.581":{"MusicPointV3X":-26.9024848937988,"MusicPointV3Y":-6.8798508644104,"MusicPointV3Z":15.539999961853,"MusicPointQ4X":-0.0142360012978315,"MusicPointQ4Y":0.0233038496226072,"MusicPointQ4Z":-0.853041052818298,"MusicPointQ4W":-0.52112889289856,"MusicType":0},"11.4341":{"MusicPointV3X":-26.9024848937988,"MusicPointV3Y":-6.8798508644104,"MusicPointV3Z":15.539999961853,"MusicPointQ4X":-0.0142360012978315,"MusicPointQ4Y":0.0233038496226072,"MusicPointQ4Z":-0.853041052818298,"MusicPointQ4W":-0.52112889289856,"MusicType":0},"13.03411":{"MusicPointV3X":-26.9024848937988,"MusicPointV3Y":-6.8798508644104,"MusicPointV3Z":15.539999961853,"MusicPointQ4X":-0.0142360012978315,"MusicPointQ4Y":0.0233038496226072,"MusicPointQ4Z":-0.853041052818298,"MusicPointQ4W":-0.52112889289856,"MusicType":0},"14.847":{"MusicPointV3X":-26.9024848937988,"MusicPointV3Y":-6.8798508644104,"MusicPointV3Z":15.539999961853,"MusicPointQ4X":-0.0142360012978315,"MusicPointQ4Y":0.0233038496226072,"MusicPointQ4Z":-0.853041052818298,"MusicPointQ4W":-0.52112889289856,"MusicType":0},"16.44708":{"MusicPointV3X":-26.9024848937988,"MusicPointV3Y":-6.8798508644104,"MusicPointV3Z":15.539999961853,"MusicPointQ4X":-0.0142360012978315,"MusicPointQ4Y":0.0233038496226072,"MusicPointQ4Z":-0.853041052818298,"MusicPointQ4W":-0.52112889289856,"MusicType":0},"17.30111":{"MusicPointV3X":-26.9024848937988,"MusicPointV3Y":-6.8798508644104,"MusicPointV3Z":15.539999961853,"MusicPointQ4X":-0.0142360012978315,"MusicPointQ4Y":0.0233038496226072,"MusicPointQ4Z":-0.853041052818298,"MusicPointQ4W":-0.52112889289856,"MusicType":0},"18.26103":{"MusicPointV3X":-26.9024848937988,"MusicPointV3Y":-6.8798508644104,"MusicPointV3Z":15.539999961853,"MusicPointQ4X":-0.0142360012978315,"MusicPointQ4Y":0.0233038496226072,"MusicPointQ4Z":-0.853041052818298,"MusicPointQ4W":-0.52112889289856,"MusicType":0},"19.86114":{"MusicPointV3X":-26.9024848937988,"MusicPointV3Y":-6.8798508644104,"MusicPointV3Z":12.7600002288818,"MusicPointQ4X":-0.0142360012978315,"MusicPointQ4Y":0.0233038496226072,"MusicPointQ4Z":-0.853041052818298,"MusicPointQ4W":-0.52112889289856,"MusicType":0},"21.67412":{"MusicPointV3X":-26.9024848937988,"MusicPointV3Y":-6.8798508644104,"MusicPointV3Z":12.7600002288818,"MusicPointQ4X":-0.0142360012978315,"MusicPointQ4Y":0.0233038496226072,"MusicPointQ4Z":-0.853041052818298,"MusicPointQ4W":-0.52112889289856,"MusicType":0},"23.38103":{"MusicPointV3X":-26.9024848937988,"MusicPointV3Y":-6.8798508644104,"MusicPointV3Z":12.7600002288818,"MusicPointQ4X":-0.0142360012978315,"MusicPointQ4Y":0.0233038496226072,"MusicPointQ4Z":-0.853041052818298,"MusicPointQ4W":-0.52112889289856,"MusicType":0},"24.23402":{"MusicPointV3X":-26.9024848937988,"MusicPointV3Y":-6.8798508644104,"MusicPointV3Z":12.7600002288818,"MusicPointQ4X":-0.0142360012978315,"MusicPointQ4Y":0.0233038496226072,"MusicPointQ4Z":-0.853041052818298,"MusicPointQ4W":-0.52112889289856,"MusicType":0},"25.0871":{"MusicPointV3X":-26.9024848937988,"MusicPointV3Y":-6.8798508644104,"MusicPointV3Z":12.7600002288818,"MusicPointQ4X":-0.0142360012978315,"MusicPointQ4Y":0.0233038496226072,"MusicPointQ4Z":-0.853041052818298,"MusicPointQ4W":-0.52112889289856,"MusicType":0},"26.79407":{"MusicPointV3X":-26.9024848937988,"MusicPointV3Y":-6.8798508644104,"MusicPointV3Z":12.7600002288818,"MusicPointQ4X":-0.0142360012978315,"MusicPointQ4Y":0.0233038496226072,"MusicPointQ4Z":-0.853041052818298,"MusicPointQ4W":-0.52112889289856,"MusicType":0},"28.50116":{"MusicPointV3X":-26.9024848937988,"MusicPointV3Y":-6.8798508644104,"MusicPointV3Z":12.7600002288818,"MusicPointQ4X":-0.0142360012978315,"MusicPointQ4Y":0.0233038496226072,"MusicPointQ4Z":-0.853041052818298,"MusicPointQ4W":-0.52112889289856,"MusicType":0},"29.35416":{"MusicPointV3X":-26.9024848937988,"MusicPointV3Y":-6.8798508644104,"MusicPointV3Z":12.7600002288818,"MusicPointQ4X":-0.0142360012978315,"MusicPointQ4Y":0.0233038496226072,"MusicPointQ4Z":-0.853041052818298,"MusicPointQ4W":-0.52112889289856,"MusicType":0},"31.06113":{"MusicPointV3X":-26.9024848937988,"MusicPointV3Y":-6.8798508644104,"MusicPointV3Z":12.7600002288818,"MusicPointQ4X":-0.0142360012978315,"MusicPointQ4Y":0.0233038496226072,"MusicPointQ4Z":-0.853041052818298,"MusicPointQ4W":-0.52112889289856,"MusicType":0},"31.91414":{"MusicPointV3X":-26.9024848937988,"MusicPointV3Y":-6.8798508644104,"MusicPointV3Z":12.7600002288818,"MusicPointQ4X":-0.0142360012978315,"MusicPointQ4Y":0.0233038496226072,"MusicPointQ4Z":-0.853041052818298,"MusicPointQ4W":-0.52112889289856,"MusicType":0},"35.434":{"MusicPointV3X":-26.9024848937988,"MusicPointV3Y":-6.8798508644104,"MusicPointV3Z":12.7600002288818,"MusicPointQ4X":-0.0142360012978315,"MusicPointQ4Y":0.0233038496226072,"MusicPointQ4Z":-0.853041052818298,"MusicPointQ4W":-0.52112889289856,"MusicType":0},"37.03416":{"MusicPointV3X":-28.5200004577637,"MusicPointV3Y":-6.8798508644104,"MusicPointV3Z":14.1778030395508,"MusicPointQ4X":-0.0142360012978315,"MusicPointQ4Y":0.0233038496226072,"MusicPointQ4Z":-0.853041052818298,"MusicPointQ4W":-0.52112889289856,"MusicType":0},"37.99413":{"MusicPointV3X":-28.5200004577637,"MusicPointV3Y":-6.8798508644104,"MusicPointV3Z":14.1778030395508,"MusicPointQ4X":-0.0142360012978315,"MusicPointQ4Y":0.0233038496226072,"MusicPointQ4Z":-0.853041052818298,"MusicPointQ4W":-0.52112889289856,"MusicType":0},"38.84718":{"MusicPointV3X":-28.5200004577637,"MusicPointV3Y":-6.8798508644104,"MusicPointV3Z":14.1778030395508,"MusicPointQ4X":-0.0142360012978315,"MusicPointQ4Y":0.0233038496226072,"MusicPointQ4Z":-0.853041052818298,"MusicPointQ4W":-0.52112889289856,"MusicType":0},"41.08702":{"MusicPointV3X":-28.5200004577637,"MusicPointV3Y":-6.8798508644104,"MusicPointV3Z":14.1778030395508,"MusicPointQ4X":-0.0142360012978315,"MusicPointQ4Y":0.0233038496226072,"MusicPointQ4Z":-0.853041052818298,"MusicPointQ4W":-0.52112889289856,"MusicType":0},"42.36701":{"MusicPointV3X":-28.5200004577637,"MusicPointV3Y":-6.8798508644104,"MusicPointV3Z":14.1778030395508,"MusicPointQ4X":-0.0142360012978315,"MusicPointQ4Y":0.0233038496226072,"MusicPointQ4Z":-0.853041052818298,"MusicPointQ4W":-0.52112889289856,"MusicType":0},"43.96709":{"MusicPointV3X":-28.5200004577637,"MusicPointV3Y":-6.8798508644104,"MusicPointV3Z":14.1778030395508,"MusicPointQ4X":-0.0142360012978315,"MusicPointQ4Y":0.0233038496226072,"MusicPointQ4Z":-0.853041052818298,"MusicPointQ4W":-0.52112889289856,"MusicType":0},"45.67417":{"MusicPointV3X":-28.5200004577637,"MusicPointV3Y":-6.8798508644104,"MusicPointV3Z":14.1778030395508,"MusicPointQ4X":-0.0142360012978315,"MusicPointQ4Y":0.0233038496226072,"MusicPointQ4Z":-0.853041052818298,"MusicPointQ4W":-0.52112889289856,"MusicType":0},"47.38116":{"MusicPointV3X":-24.7299995422363,"MusicPointV3Y":-6.8798508644104,"MusicPointV3Z":14.1778030395508,"MusicPointQ4X":-0.0142360012978315,"MusicPointQ4Y":0.0233038496226072,"MusicPointQ4Z":-0.853041052818298,"MusicPointQ4W":-0.52112889289856,"MusicType":0},"49.08706":{"MusicPointV3X":-24.7299995422363,"MusicPointV3Y":-6.8798508644104,