{"MusicName":"op","MusicAuthorName":"op1","MusicPublishDate":"op1","MusicDescription":"op1","MusicTime":352.208984375,"MusicResourcesPath":"1op","MusicPointsDictionary":{"4.5862":{"MusicPointV3X":-28.7800006866455,"MusicPointV3Y":-6.65000009536743,"MusicPointV3Z":12.3100004196167,"MusicPointQ4X":0.00369306630454957,"MusicPointQ4Y":-0.00616947235539556,"MusicPointQ4Z":-0.857998132705688,"MusicPointQ4W":-0.513602495193481,"MusicType":0},"8.639191":{"MusicPointV3X":-27.9099998474121,"MusicPointV3Y":-6.65000009536743,"MusicPointV3Z":13.9300003051758,"MusicPointQ4X":0.00369306630454957,"MusicPointQ4Y":-0.00616947235539556,"MusicPointQ4Z":-0.857998132705688,"MusicPointQ4W":-0.513602495193481,"MusicType":0},"12.47922":{"MusicPointV3X":-26.8999996185303,"MusicPointV3Y":-6.65000009536743,"MusicPointV3Z":15.8299999237061,"MusicPointQ4X":0.00369306630454957,"MusicPointQ4Y":-0.00616947235539556,"MusicPointQ4Z":-0.857998132705688,"MusicPointQ4W":-0.513602495193481,"MusicType":0},"16.53308":{"MusicPointV3X":-26.1100006103516,"MusicPointV3Y":-6.65000009536743,"MusicPointV3Z":17.2999992370605,"MusicPointQ4X":0.00369306630454957,"MusicPointQ4Y":-0.00616947235539556,"MusicPointQ4Z":-0.857998132705688,"MusicPointQ4W":-0.513602495193481,"MusicType":0},"20.26602":{"MusicPointV3X":-27.2000007629395,"MusicPointV3Y":-6.65000009536743,"MusicPointV3Z":15.2700004577637,"MusicPointQ4X":0.00369306630454957,"MusicPointQ4Y":-0.00616947235539556,"MusicPointQ4Z":-0.857998132705688,"MusicPointQ4W":-0.513602495193481,"MusicType":0},"23.14616":{"MusicPointV3X":-26.5900001525879,"MusicPointV3Y":-6.65000009536743,"MusicPointV3Z":16.4099998474121,"MusicPointQ4X":0.00369306630454957,"MusicPointQ4Y":-0.00616947235539556,"MusicPointQ4Z":-0.857998132705688,"MusicPointQ4W":-0.513602495193481,"MusicType":0},"24.42614":{"MusicPointV3X":-25.5799999237061,"MusicPointV3Y":-6.65000009536743,"MusicPointV3Z":18.2900009155273,"MusicPointQ4X":0.00369306630454957,"MusicPointQ4Y":-0.00616947235539556,"MusicPointQ4Z":-0.857998132705688,"MusicPointQ4W":-0.513602495193481,"MusicType":3},"27.30605":{"MusicPointV3X":-26.1200008392334,"MusicPointV3Y":-6.65000009536743,"MusicPointV3Z":17.2800006866455,"MusicPointQ4X":0.00369306630454957,"MusicPointQ4Y":-0.00616947235539556,"MusicPointQ4Z":-0.857998132705688,"MusicPointQ4W":-0.513602495193481,"MusicType":4},"28.6932":{"MusicPointV3X":-27.6800003051758,"MusicPointV3Y":-6.65000009536743,"MusicPointV3Z":14.3599996566772,"MusicPointQ4X":0.00369306630454957,"MusicPointQ4Y":-0.00616947235539556,"MusicPointQ4Z":-0.857998132705688,"MusicPointQ4W":-0.513602495193481,"MusicType":3},"31.25309":{"MusicPointV3X":-28.3500003814697,"MusicPointV3Y":-6.65000009536743,"MusicPointV3Z":13.1199998855591,"MusicPointQ4X":0.00369306630454957,"MusicPointQ4Y":-0.00616947235539556,"MusicPointQ4Z":-0.857998132705688,"MusicPointQ4W":-0.513602495193481,"MusicType":4},"33.59911":{"MusicPointV3X":-29.2299995422363,"MusicPointV3Y":-6.65000009536743,"MusicPointV3Z":11.4799995422363,"MusicPointQ4X":0.00369306630454957,"MusicPointQ4Y":-0.00616947235539556,"MusicPointQ4Z":-0.857998132705688,"MusicPointQ4W":-0.513602495193481,"MusicType":0},"34.34621":{"MusicPointV3X":-28.9599990844727,"MusicPointV3Y":-6.65000009536743,"MusicPointV3Z":11.9799995422363,"MusicPointQ4X":0.00369306630454957,"MusicPointQ4Y":-0.00616947235539556,"MusicPointQ4Z":-0.857998132705688,"MusicPointQ4W":-0.513602495193481,"MusicType":3},"36.15908":{"MusicPointV3X":-25.8500003814697,"MusicPointV3Y":-6.65000009536743,"MusicPointV3Z":17.7800006866455,"MusicPointQ4X":0.00369306630454957,"MusicPointQ4Y":-0.00616947235539556,"MusicPointQ4Z":-0.857998132705688,"MusicPointQ4W":-0.513602495193481,"MusicType":4},"37.54624":{"MusicPointV3X":-29.7299995422363,"MusicPointV3Y":-6.65000009536743,"MusicPointV3Z":10.5500001907349,"MusicPointQ4X":0.00369306630454957,"MusicPointQ4Y":-0.00616947235539556,"MusicPointQ4Z":-0.857998132705688,"MusicPointQ4W":-0.513602495193481,"MusicType":0},"39.14607":{"MusicPointV3X":-29.5300006866455,"MusicPointV3Y":-6.65000009536743,"MusicPointV3Z":10.9099998474121,"MusicPointQ4X":0.00369306630454957,"MusicPointQ4Y":-0.00616947235539556,"MusicPointQ4Z":-0.857998132705688,"MusicPointQ4W":-0.513602495193481,"MusicType":0},"40.63917":{"MusicPointV3X":-28.1399993896484,"MusicPointV3Y":-6.65000009536743,"MusicPointV3Z":13.5100002288818,"MusicPointQ4X":0.00369306630454957,"MusicPointQ4Y":-0.00616947235539556,"MusicPointQ4Z":-0.857998132705688,"MusicPointQ4W":-0.513602495193481,"MusicType":0},"42.23904":{"MusicPointV3X":-26.7999992370605,"MusicPointV3Y":-6.65000009536743,"MusicPointV3Z":16.0,"MusicPointQ4X":0.00369306630454957,"MusicPointQ4Y":-0.00616947235539556,"MusicPointQ4Z":-0.857998132705688,"MusicPointQ4W":-0.513602495193481,"MusicType":0},"43.62616":{"MusicPointV3X":-26.4099998474121,"MusicPointV3Y":-6.65000009536743,"MusicPointV3Z":16.7399997711182,"MusicPointQ4X":0.00369306630454957,"MusicPointQ4Y":-0.00616947235539556,"MusicPointQ4Z":-0.857998132705688,"MusicPointQ4W":-0.513602495193481,"MusicType":0},"45.22615":{"MusicPointV3X":-25.4699993133545,"MusicPointV3Y":-6.65000009536743,"MusicPointV3Z":18.5,"MusicPointQ4X":0.00369306630454957,"MusicPointQ4Y":-0.00616947235539556,"MusicPointQ4Z":-0.857998132705688,"MusicPointQ4W":-0.513602495193481,"MusicType":0},"46.71917":{"MusicPointV3X":-25.1599998474121,"MusicPointV3Y":-6.65000009536743,"MusicPointV3Z":19.0799999237061,"MusicPointQ4X":0.00369306630454957,"MusicPointQ4Y":-0.00616947235539556,"MusicPointQ4Z":-0.857998132705688,"MusicPointQ4W":-0.513602495193481,"MusicType":0},"48.21313":{"MusicPointV3X":-26.6800003051758,"MusicPointV3Y":-6.65000009536743,"MusicPointV3Z":16.2299995422363,"MusicPointQ4X":0.00369306630454957,"MusicPointQ4Y":-0.00616947235539556,"MusicPointQ4Z":-0.857998132705688,"MusicPointQ4W":-0.513602495193481,"MusicType":0},"49.706":{"MusicPointV3X":-28.5400009155273,"MusicPointV3Y":-6.65000009536743,"MusicPointV3Z":12.7700004577637,"MusicPointQ4X":0.00369306630454957,"MusicPointQ4Y":-0.00616947235539556,"MusicPointQ4Z":-0.857998132705688,"MusicPointQ4W":-0.513602495193481,"MusicType":0},"51.51912":{"MusicPointV3X":-30.0,"MusicPointV3Y":-6.65000009536743,"MusicPointV3Z":10.039999961853,"MusicPointQ4X":0.00369306630454957,"MusicPointQ4Y":-0.00616947235539556,"MusicPointQ4Z":-0.857998132705688,"MusicPointQ4W":-0.513602495193481,"MusicType":0},"52.47915":{"MusicPointV3X":-30.1900005340576,"MusicPointV3Y":-6.65000009536743,"MusicPointV3Z":9.6899995803833,"MusicPointQ4X":0.00369306630454957,"MusicPointQ4Y":-0.00616947235539556,"MusicPointQ4Z":-0.857998132705688,"MusicPointQ4W":-0.513602495193481,"MusicType":0},"53.75912":{"MusicPointV3X":-29.2700004577637,"MusicPointV3Y":-6.65000009536743,"MusicPointV3Z":11.3999996185303,"MusicPointQ4X":0.00369306630454957,"MusicPointQ4Y":-0.00616947235539556,"MusicPointQ4Z":-0.857998132705688,"MusicPointQ4W":-0.513602495193481,"MusicType":0},"54.50625":{"MusicPointV3X":-26.8400001525879,"MusicPointV3Y":-6.65000009536743,"MusicPointV3Z":15.9399995803833,"MusicPointQ4X":0.00369306630454957,"MusicPointQ4Y":-0.00616947235539556,"MusicPointQ4Z":-0.857998132705688,"MusicPointQ4W":-0.513602495193481,"MusicType":0},"55.25319":{"MusicPointV3X":-25.7800006866455,"MusicPointV3Y":-6.65000009536743,"MusicPointV3Z":17.9200000762939,"MusicPointQ4X":0.00369306630454957,"MusicPointQ4Y":-0.00616947235539556,"MusicPointQ4Z":-0.857998132705688,"MusicPointQ4W":-0.513602495193481,"MusicType":0},"58.23919":{"MusicPointV3X":-24.9599990844727,"MusicPointV3Y":-6.65000009536743,"MusicPointV3Z":19.4500007629395,"MusicPointQ4X":0.00369306630454957,"MusicPointQ4Y":-0.00616947235539556,"MusicPointQ4Z":-0.857998132705688,"MusicPointQ4W":-0.513602495193481,"MusicType":0},"60.37318":{"MusicPointV3X":-24.6299991607666,"MusicPointV3Y":-6.65000009536743,"MusicPointV3Z":20.0699996948242,"MusicPointQ4X":0.00369306630454957,"MusicPointQ4Y":-0.00616947235539556,"MusicPointQ4Z":-0.857998132705688,"MusicPointQ4W":-0.513602495193481,"MusicType":0},